<?xml version="1.0" encoding="ISO-8859-1" ?>
<link_info>
   <banner>TI ARM Linker PC v18.1.5.LTS</banner>
   <copyright>Copyright (c) 1996-2018 Texas Instruments Incorporated</copyright>
   <link_time>0x5c91e79c</link_time>
   <link_errors>0x0</link_errors>
   <output_file>uart_echo.out</output_file>
   <entry_point>
      <name>_c_int00_noargs</name>
      <address>0x61d</address>
   </entry_point>
   <input_file_list>
      <input_file id="fl-2">
         <path>.\</path>
         <kind>object</kind>
         <file>startup_ccs.obj</file>
         <name>startup_ccs.obj</name>
      </input_file>
      <input_file id="fl-3">
         <path>.\</path>
         <kind>object</kind>
         <file>uart_echo.obj</file>
         <name>uart_echo.obj</name>
      </input_file>
      <input_file id="fl-8">
         <kind>object</kind>
         <file>&lt;internal&gt;</file>
         <name>&lt;internal&gt;</name>
      </input_file>
      <input_file id="fl-be">
         <path>C:\ti\ccsv8\tools\compiler\ti-cgt-arm_18.1.5.LTS\lib\</path>
         <kind>archive</kind>
         <file>rtsv7M4_T_le_v4SPD16_eabi.lib</file>
         <name>copy_zero_init.c.obj</name>
      </input_file>
      <input_file id="fl-bf">
         <path>C:\ti\ccsv8\tools\compiler\ti-cgt-arm_18.1.5.LTS\lib\</path>
         <kind>archive</kind>
         <file>rtsv7M4_T_le_v4SPD16_eabi.lib</file>
         <name>copy_decompress_none.c.obj</name>
      </input_file>
      <input_file id="fl-c0">
         <path>C:\ti\ccsv8\tools\compiler\ti-cgt-arm_18.1.5.LTS\lib\</path>
         <kind>archive</kind>
         <file>rtsv7M4_T_le_v4SPD16_eabi.lib</file>
         <name>copy_decompress_lzss.c.obj</name>
      </input_file>
      <input_file id="fl-c1">
         <path>C:\ti\ccsv8\tools\compiler\ti-cgt-arm_18.1.5.LTS\lib\</path>
         <kind>archive</kind>
         <file>rtsv7M4_T_le_v4SPD16_eabi.lib</file>
         <name>boot_cortex_m.c.obj</name>
      </input_file>
      <input_file id="fl-c2">
         <path>C:\ti\ccsv8\tools\compiler\ti-cgt-arm_18.1.5.LTS\lib\</path>
         <kind>archive</kind>
         <file>rtsv7M4_T_le_v4SPD16_eabi.lib</file>
         <name>exit.c.obj</name>
      </input_file>
      <input_file id="fl-c3">
         <path>C:\ti\ccsv8\tools\compiler\ti-cgt-arm_18.1.5.LTS\lib\</path>
         <kind>archive</kind>
         <file>rtsv7M4_T_le_v4SPD16_eabi.lib</file>
         <name>_lock.c.obj</name>
      </input_file>
      <input_file id="fl-c4">
         <path>C:\ti\ccsv8\tools\compiler\ti-cgt-arm_18.1.5.LTS\lib\</path>
         <kind>archive</kind>
         <file>rtsv7M4_T_le_v4SPD16_eabi.lib</file>
         <name>args_main.c.obj</name>
      </input_file>
      <input_file id="fl-c5">
         <path>C:\ti\ccsv8\tools\compiler\ti-cgt-arm_18.1.5.LTS\lib\</path>
         <kind>archive</kind>
         <file>rtsv7M4_T_le_v4SPD16_eabi.lib</file>
         <name>memset_t2.asm.obj</name>
      </input_file>
      <input_file id="fl-c6">
         <path>C:\ti\ccsv8\tools\compiler\ti-cgt-arm_18.1.5.LTS\lib\</path>
         <kind>archive</kind>
         <file>rtsv7M4_T_le_v4SPD16_eabi.lib</file>
         <name>memcpy_t2.asm.obj</name>
      </input_file>
      <input_file id="fl-c7">
         <path>C:\ti\ccsv8\tools\compiler\ti-cgt-arm_18.1.5.LTS\lib\</path>
         <kind>archive</kind>
         <file>rtsv7M4_T_le_v4SPD16_eabi.lib</file>
         <name>autoinit.c.obj</name>
      </input_file>
      <input_file id="fl-c8">
         <path>C:\ti\ccsv8\tools\compiler\ti-cgt-arm_18.1.5.LTS\lib\</path>
         <kind>archive</kind>
         <file>rtsv7M4_T_le_v4SPD16_eabi.lib</file>
         <name>pre_init.c.obj</name>
      </input_file>
      <input_file id="fl-c9">
         <path>C:\ti\ccsv8\tools\compiler\ti-cgt-arm_18.1.5.LTS\lib\</path>
         <kind>archive</kind>
         <file>rtsv7M4_T_le_v4SPD16_eabi.lib</file>
         <name>cpy_tbl.c.obj</name>
      </input_file>
      <input_file id="fl-ca">
         <path>C:\Tivaware\driverlib\ccs\Debug\</path>
         <kind>archive</kind>
         <file>driverlib.lib</file>
         <name>gpio.obj</name>
      </input_file>
      <input_file id="fl-cb">
         <path>C:\Tivaware\driverlib\ccs\Debug\</path>
         <kind>archive</kind>
         <file>driverlib.lib</file>
         <name>interrupt.obj</name>
      </input_file>
      <input_file id="fl-cc">
         <path>C:\Tivaware\driverlib\ccs\Debug\</path>
         <kind>archive</kind>
         <file>driverlib.lib</file>
         <name>sysctl.obj</name>
      </input_file>
      <input_file id="fl-cd">
         <path>C:\Tivaware\driverlib\ccs\Debug\</path>
         <kind>archive</kind>
         <file>driverlib.lib</file>
         <name>cpu.obj</name>
      </input_file>
   </input_file_list>
   <object_component_list>
      <object_component id="oc-f">
         <name>.intvecs</name>
         <load_address>0x0</load_address>
         <run_address>0x0</run_address>
         <size>0x200</size>
         <input_file_ref idref="fl-2"/>
      </object_component>
      <object_component id="oc-f3">
         <name>.text:SysCtlClockFreqSet</name>
         <load_address>0x200</load_address>
         <run_address>0x200</run_address>
         <size>0x200</size>
         <input_file_ref idref="fl-cc"/>
      </object_component>
      <object_component id="oc-be">
         <name>.text:main</name>
         <load_address>0x400</load_address>
         <run_address>0x400</run_address>
         <size>0xc8</size>
         <input_file_ref idref="fl-3"/>
      </object_component>
      <object_component id="oc-3c">
         <name>.text:UARTIntHandler</name>
         <load_address>0x4c8</load_address>
         <run_address>0x4c8</run_address>
         <size>0x80</size>
         <input_file_ref idref="fl-3"/>
      </object_component>
      <object_component id="oc-f9">
         <name>.text:GPIOPinConfigure</name>
         <load_address>0x548</load_address>
         <run_address>0x548</run_address>
         <size>0x48</size>
         <input_file_ref idref="fl-ca"/>
      </object_component>
      <object_component id="oc-14c">
         <name>.text:_SysCtlFrequencyGet</name>
         <load_address>0x590</load_address>
         <run_address>0x590</run_address>
         <size>0x48</size>
         <input_file_ref idref="fl-cc"/>
      </object_component>
      <object_component id="oc-112">
         <name>.text:__TI_auto_init_nobinit_nopinit:__TI_auto_init_nobinit_nopinit</name>
         <load_address>0x5d8</load_address>
         <run_address>0x5d8</run_address>
         <size>0x44</size>
         <input_file_ref idref="fl-c7"/>
      </object_component>
      <object_component id="oc-6e">
         <name>.text:_c_int00_noargs:_c_int00_noargs</name>
         <load_address>0x61c</load_address>
         <run_address>0x61c</run_address>
         <size>0x38</size>
         <input_file_ref idref="fl-c1"/>
      </object_component>
      <object_component id="oc-ff">
         <name>.text:UARTSend</name>
         <load_address>0x654</load_address>
         <run_address>0x654</run_address>
         <size>0x28</size>
         <input_file_ref idref="fl-3"/>
      </object_component>
      <object_component id="oc-146">
         <name>.text:_SysCtlMemTimingGet</name>
         <load_address>0x67c</load_address>
         <run_address>0x67c</run_address>
         <size>0x20</size>
         <input_file_ref idref="fl-cc"/>
      </object_component>
      <object_component id="oc-5c">
         <name>.text:decompress:ZI:__TI_zero_init_nomemset:__TI_zero_init_nomemset</name>
         <load_address>0x69c</load_address>
         <run_address>0x69c</run_address>
         <size>0x12</size>
         <input_file_ref idref="fl-be"/>
      </object_component>
      <object_component id="oc-86">
         <name>.text:GPIOPinWrite</name>
         <load_address>0x6ae</load_address>
         <run_address>0x6ae</run_address>
         <size>0x6</size>
         <input_file_ref idref="fl-ca"/>
      </object_component>
      <object_component id="oc-24">
         <name>.text:ResetISR</name>
         <load_address>0x6b4</load_address>
         <run_address>0x6b4</run_address>
         <size>0x6</size>
         <input_file_ref idref="fl-2"/>
      </object_component>
      <object_component id="oc-8c">
         <name>.text:SysCtlDelay</name>
         <load_address>0x6ba</load_address>
         <run_address>0x6ba</run_address>
         <size>0x6</size>
         <input_file_ref idref="fl-cc"/>
      </object_component>
      <object_component id="oc-b8">
         <name>.text:_system_pre_init</name>
         <load_address>0x6c0</load_address>
         <run_address>0x6c0</run_address>
         <size>0x4</size>
         <input_file_ref idref="fl-c8"/>
      </object_component>
      <object_component id="oc-106">
         <name>.text:abort:abort</name>
         <load_address>0x6c4</load_address>
         <run_address>0x6c4</run_address>
         <size>0x4</size>
         <input_file_ref idref="fl-c2"/>
      </object_component>
      <object_component id="oc-30">
         <name>.text:FaultISR</name>
         <load_address>0x6c8</load_address>
         <run_address>0x6c8</run_address>
         <size>0x2</size>
         <input_file_ref idref="fl-2"/>
      </object_component>
      <object_component id="oc-36">
         <name>.text:IntDefaultHandler</name>
         <load_address>0x6ca</load_address>
         <run_address>0x6ca</run_address>
         <size>0x2</size>
         <input_file_ref idref="fl-2"/>
      </object_component>
      <object_component id="oc-2a">
         <name>.text:NmiSR</name>
         <load_address>0x6cc</load_address>
         <run_address>0x6cc</run_address>
         <size>0x2</size>
         <input_file_ref idref="fl-2"/>
      </object_component>
      <object_component id="oc-155">
         <name>.const:g_pppui32XTALtoVCO</name>
         <load_address>0x6d0</load_address>
         <run_address>0x6d0</run_address>
         <size>0x1b0</size>
         <input_file_ref idref="fl-cc"/>
      </object_component>
      <object_component id="oc-15d">
         <name>.const:g_pui32GPIOBaseAddrs</name>
         <load_address>0x880</load_address>
         <run_address>0x880</run_address>
         <size>0x90</size>
         <input_file_ref idref="fl-ca"/>
      </object_component>
      <object_component id="oc-152">
         <name>.const:g_pui32Xtals</name>
         <load_address>0x910</load_address>
         <run_address>0x910</run_address>
         <size>0x6c</size>
         <input_file_ref idref="fl-cc"/>
      </object_component>
      <object_component id="oc-182">
         <name>.const:g_sXTALtoMEMTIM</name>
         <load_address>0x97c</load_address>
         <run_address>0x97c</run_address>
         <size>0x30</size>
         <input_file_ref idref="fl-cc"/>
      </object_component>
      <object_component id="oc-158">
         <name>.const</name>
         <load_address>0x9ac</load_address>
         <run_address>0x9ac</run_address>
         <size>0x8</size>
         <input_file_ref idref="fl-cc"/>
      </object_component>
      <object_component id="oc-1f1">
         <name>.cinit..bss.load</name>
         <load_address>0x9b8</load_address>
         <run_address>0x9b8</run_address>
         <size>0x8</size>
      </object_component>
      <object_component id="oc-1ef">
         <name>__TI_handler_table</name>
         <load_address>0x9c0</load_address>
         <run_address>0x9c0</run_address>
         <size>0x4</size>
      </object_component>
      <object_component id="oc-1f0">
         <name>__TI_cinit_table</name>
         <load_address>0x9c4</load_address>
         <run_address>0x9c4</run_address>
         <size>0x8</size>
      </object_component>
      <object_component id="oc-8d">
         <name>.common:g_ui32SysClock</name>
         <uninitialized>true</uninitialized>
         <run_address>0x20000100</run_address>
         <size>0x4</size>
      </object_component>
      <object_component id="oc-21">
         <name>.stack</name>
         <uninitialized>true</uninitialized>
         <run_address>0x20000000</run_address>
         <size>0x4</size>
         <input_file_ref idref="fl-c1"/>
      </object_component>
      <object_component id="oc-1f2">
         <name>.stack</name>
         <uninitialized>true</uninitialized>
         <run_address>0x20000000</run_address>
         <size>0x0</size>
      </object_component>
      <object_component id="oc-44">
         <name>.debug_info</name>
         <load_address>0x0</load_address>
         <run_address>0x0</run_address>
         <size>0x2b6</size>
         <input_file_ref idref="fl-2"/>
      </object_component>
      <object_component id="oc-10">
         <name>.debug_info</name>
         <load_address>0x2b6</load_address>
         <run_address>0x2b6</run_address>
         <size>0xd1</size>
         <input_file_ref idref="fl-2"/>
      </object_component>
      <object_component id="oc-25">
         <name>.debug_info</name>
         <load_address>0x387</load_address>
         <run_address>0x387</run_address>
         <size>0x101</size>
         <input_file_ref idref="fl-2"/>
      </object_component>
      <object_component id="oc-2b">
         <name>.debug_info</name>
         <load_address>0x488</load_address>
         <run_address>0x488</run_address>
         <size>0xef</size>
         <input_file_ref idref="fl-2"/>
      </object_component>
      <object_component id="oc-37">
         <name>.debug_info</name>
         <load_address>0x577</load_address>
         <run_address>0x577</run_address>
         <size>0x10a</size>
         <input_file_ref idref="fl-2"/>
      </object_component>
      <object_component id="oc-31">
         <name>.debug_info</name>
         <load_address>0x681</load_address>
         <run_address>0x681</run_address>
         <size>0xf6</size>
         <input_file_ref idref="fl-2"/>
      </object_component>
      <object_component id="oc-98">
         <name>.debug_info</name>
         <load_address>0x777</load_address>
         <run_address>0x777</run_address>
         <size>0x26b</size>
         <input_file_ref idref="fl-2"/>
      </object_component>
      <object_component id="oc-4b">
         <name>.debug_info</name>
         <load_address>0x9e2</load_address>
         <run_address>0x9e2</run_address>
         <size>0x84</size>
         <input_file_ref idref="fl-2"/>
      </object_component>
      <object_component id="oc-de">
         <name>.debug_info</name>
         <load_address>0xa66</load_address>
         <run_address>0xa66</run_address>
         <size>0x297</size>
         <input_file_ref idref="fl-2"/>
      </object_component>
      <object_component id="oc-91">
         <name>.debug_info</name>
         <load_address>0xcfd</load_address>
         <run_address>0xcfd</run_address>
         <size>0xbb</size>
         <input_file_ref idref="fl-2"/>
      </object_component>
      <object_component id="oc-8e">
         <name>.debug_info</name>
         <load_address>0xdb8</load_address>
         <run_address>0xdb8</run_address>
         <size>0x359</size>
         <input_file_ref idref="fl-3"/>
      </object_component>
      <object_component id="oc-100">
         <name>.debug_info</name>
         <load_address>0x1111</load_address>
         <run_address>0x1111</run_address>
         <size>0x172</size>
         <input_file_ref idref="fl-3"/>
      </object_component>
      <object_component id="oc-bf">
         <name>.debug_info</name>
         <load_address>0x1283</load_address>
         <run_address>0x1283</run_address>
         <size>0x186</size>
         <input_file_ref idref="fl-3"/>
      </object_component>
      <object_component id="oc-3d">
         <name>.debug_info</name>
         <load_address>0x1409</load_address>
         <run_address>0x1409</run_address>
         <size>0x17f</size>
         <input_file_ref idref="fl-3"/>
      </object_component>
      <object_component id="oc-d9">
         <name>.debug_info</name>
         <load_address>0x1588</load_address>
         <run_address>0x1588</run_address>
         <size>0x8b</size>
         <input_file_ref idref="fl-3"/>
      </object_component>
      <object_component id="oc-b1">
         <name>.debug_info</name>
         <load_address>0x1613</load_address>
         <run_address>0x1613</run_address>
         <size>0x31e</size>
         <input_file_ref idref="fl-be"/>
      </object_component>
      <object_component id="oc-60">
         <name>.debug_info</name>
         <load_address>0x1931</load_address>
         <run_address>0x1931</run_address>
         <size>0x1bf</size>
         <input_file_ref idref="fl-be"/>
      </object_component>
      <object_component id="oc-ac">
         <name>.debug_info</name>
         <load_address>0x1af0</load_address>
         <run_address>0x1af0</run_address>
         <size>0x46</size>
         <input_file_ref idref="fl-be"/>
      </object_component>
      <object_component id="oc-ea">
         <name>.debug_info</name>
         <load_address>0x1b36</load_address>
         <run_address>0x1b36</run_address>
         <size>0x2c</size>
         <input_file_ref idref="fl-be"/>
      </object_component>
      <object_component id="oc-22">
         <name>.debug_info</name>
         <load_address>0x1b62</load_address>
         <run_address>0x1b62</run_address>
         <size>0x10b</size>
         <input_file_ref idref="fl-c1"/>
      </object_component>
      <object_component id="oc-6f">
         <name>.debug_info</name>
         <load_address>0x1c6d</load_address>
         <run_address>0x1c6d</run_address>
         <size>0x1af</size>
         <input_file_ref idref="fl-c1"/>
      </object_component>
      <object_component id="oc-107">
         <name>.debug_info</name>
         <load_address>0x1e1c</load_address>
         <run_address>0x1e1c</run_address>
         <size>0x122</size>
         <input_file_ref idref="fl-c2"/>
      </object_component>
      <object_component id="oc-16d">
         <name>.debug_info</name>
         <load_address>0x1f3e</load_address>
         <run_address>0x1f3e</run_address>
         <size>0x552</size>
         <input_file_ref idref="fl-c7"/>
      </object_component>
      <object_component id="oc-113">
         <name>.debug_info</name>
         <load_address>0x2490</load_address>
         <run_address>0x2490</run_address>
         <size>0x1a6</size>
         <input_file_ref idref="fl-c7"/>
      </object_component>
      <object_component id="oc-1a6">
         <name>.debug_info</name>
         <load_address>0x2636</load_address>
         <run_address>0x2636</run_address>
         <size>0x39</size>
         <input_file_ref idref="fl-c7"/>
      </object_component>
      <object_component id="oc-1bc">
         <name>.debug_info</name>
         <load_address>0x266f</load_address>
         <run_address>0x266f</run_address>
         <size>0x39</size>
         <input_file_ref idref="fl-c7"/>
      </object_component>
      <object_component id="oc-1ab">
         <name>.debug_info</name>
         <load_address>0x26a8</load_address>
         <run_address>0x26a8</run_address>
         <size>0x39</size>
         <input_file_ref idref="fl-c7"/>
      </object_component>
      <object_component id="oc-1b0">
         <name>.debug_info</name>
         <load_address>0x26e1</load_address>
         <run_address>0x26e1</run_address>
         <size>0xcd</size>
         <input_file_ref idref="fl-c7"/>
      </object_component>
      <object_component id="oc-b9">
         <name>.debug_info</name>
         <load_address>0x27ae</load_address>
         <run_address>0x27ae</run_address>
         <size>0x153</size>
         <input_file_ref idref="fl-c8"/>
      </object_component>
      <object_component id="oc-d6">
         <name>.debug_info</name>
         <load_address>0x2901</load_address>
         <run_address>0x2901</run_address>
         <size>0x240</size>
         <input_file_ref idref="fl-ca"/>
      </object_component>
      <object_component id="oc-15e">
         <name>.debug_info</name>
         <load_address>0x2b41</load_address>
         <run_address>0x2b41</run_address>
         <size>0x15b</size>
         <input_file_ref idref="fl-ca"/>
      </object_component>
      <object_component id="oc-87">
         <name>.debug_info</name>
         <load_address>0x2c9c</load_address>
         <run_address>0x2c9c</run_address>
         <size>0x2a3</size>
         <input_file_ref idref="fl-ca"/>
      </object_component>
      <object_component id="oc-fa">
         <name>.debug_info</name>
         <load_address>0x2f3f</load_address>
         <run_address>0x2f3f</run_address>
         <size>0x280</size>
         <input_file_ref idref="fl-ca"/>
      </object_component>
      <object_component id="oc-d1">
         <name>.debug_info</name>
         <load_address>0x31bf</load_address>
         <run_address>0x31bf</run_address>
         <size>0x18b</size>
         <input_file_ref idref="fl-ca"/>
      </object_component>
      <object_component id="oc-15c">
         <name>.debug_info</name>
         <load_address>0x334a</load_address>
         <run_address>0x334a</run_address>
         <size>0x298</size>
         <input_file_ref idref="fl-cc"/>
      </object_component>
      <object_component id="oc-153">
         <name>.debug_info</name>
         <load_address>0x35e2</load_address>
         <run_address>0x35e2</run_address>
         <size>0x14d</size>
         <input_file_ref idref="fl-cc"/>
      </object_component>
      <object_component id="oc-156">
         <name>.debug_info</name>
         <load_address>0x372f</load_address>
         <run_address>0x372f</run_address>
         <size>0x159</size>
         <input_file_ref idref="fl-cc"/>
      </object_component>
      <object_component id="oc-183">
         <name>.debug_info</name>
         <load_address>0x3888</load_address>
         <run_address>0x3888</run_address>
         <size>0x153</size>
         <input_file_ref idref="fl-cc"/>
      </object_component>
      <object_component id="oc-159">
         <name>.debug_info</name>
         <load_address>0x39db</load_address>
         <run_address>0x39db</run_address>
         <size>0x160</size>
         <input_file_ref idref="fl-cc"/>
      </object_component>
      <object_component id="oc-147">
         <name>.debug_info</name>
         <load_address>0x3b3b</load_address>
         <run_address>0x3b3b</run_address>
         <size>0x270</size>
         <input_file_ref idref="fl-cc"/>
      </object_component>
      <object_component id="oc-14d">
         <name>.debug_info</name>
         <load_address>0x3dab</load_address>
         <run_address>0x3dab</run_address>
         <size>0x2ba</size>
         <input_file_ref idref="fl-cc"/>
      </object_component>
      <object_component id="oc-f4">
         <name>.debug_info</name>
         <load_address>0x4065</load_address>
         <run_address>0x4065</run_address>
         <size>0x49a</size>
         <input_file_ref idref="fl-cc"/>
      </object_component>
      <object_component id="oc-18f">
         <name>.debug_info</name>
         <load_address>0x44ff</load_address>
         <run_address>0x44ff</run_address>
         <size>0x5f</size>
         <input_file_ref idref="fl-cc"/>
      </object_component>
      <object_component id="oc-1f3">
         <name>.debug_info</name>
         <load_address>0x455e</load_address>
         <run_address>0x455e</run_address>
         <size>0x94</size>
      </object_component>
      <object_component id="oc-97">
         <name>.debug_line</name>
         <load_address>0x0</load_address>
         <run_address>0x0</run_address>
         <size>0x34</size>
         <input_file_ref idref="fl-2"/>
      </object_component>
      <object_component id="oc-43">
         <name>.debug_line</name>
         <load_address>0x34</load_address>
         <run_address>0x34</run_address>
         <size>0x34</size>
         <input_file_ref idref="fl-2"/>
      </object_component>
      <object_component id="oc-28">
         <name>.debug_line</name>
         <load_address>0x68</load_address>
         <run_address>0x68</run_address>
         <size>0x46</size>
         <input_file_ref idref="fl-2"/>
      </object_component>
      <object_component id="oc-2e">
         <name>.debug_line</name>
         <load_address>0xae</load_address>
         <run_address>0xae</run_address>
         <size>0x49</size>
         <input_file_ref idref="fl-2"/>
      </object_component>
      <object_component id="oc-3a">
         <name>.debug_line</name>
         <load_address>0xf7</load_address>
         <run_address>0xf7</run_address>
         <size>0x49</size>
         <input_file_ref idref="fl-2"/>
      </object_component>
      <object_component id="oc-34">
         <name>.debug_line</name>
         <load_address>0x140</load_address>
         <run_address>0x140</run_address>
         <size>0x49</size>
         <input_file_ref idref="fl-2"/>
      </object_component>
      <object_component id="oc-9b">
         <name>.debug_line</name>
         <load_address>0x189</load_address>
         <run_address>0x189</run_address>
         <size>0x69</size>
         <input_file_ref idref="fl-2"/>
      </object_component>
      <object_component id="oc-4e">
         <name>.debug_line</name>
         <load_address>0x1f2</load_address>
         <run_address>0x1f2</run_address>
         <size>0x20</size>
         <input_file_ref idref="fl-2"/>
      </object_component>
      <object_component id="oc-e1">
         <name>.debug_line</name>
         <load_address>0x212</load_address>
         <run_address>0x212</run_address>
         <size>0x6d</size>
         <input_file_ref idref="fl-2"/>
      </object_component>
      <object_component id="oc-94">
         <name>.debug_line</name>
         <load_address>0x27f</load_address>
         <run_address>0x27f</run_address>
         <size>0x6a</size>
         <input_file_ref idref="fl-2"/>
      </object_component>
      <object_component id="oc-d8">
         <name>.debug_line</name>
         <load_address>0x2e9</load_address>
         <run_address>0x2e9</run_address>
         <size>0x74</size>
         <input_file_ref idref="fl-3"/>
      </object_component>
      <object_component id="oc-103">
         <name>.debug_line</name>
         <load_address>0x35d</load_address>
         <run_address>0x35d</run_address>
         <size>0x53</size>
         <input_file_ref idref="fl-3"/>
      </object_component>
      <object_component id="oc-c2">
         <name>.debug_line</name>
         <load_address>0x3b0</load_address>
         <run_address>0x3b0</run_address>
         <size>0x63</size>
         <input_file_ref idref="fl-3"/>
      </object_component>
      <object_component id="oc-40">
         <name>.debug_line</name>
         <load_address>0x413</load_address>
         <run_address>0x413</run_address>
         <size>0x64</size>
         <input_file_ref idref="fl-3"/>
      </object_component>
      <object_component id="oc-dc">
         <name>.debug_line</name>
         <load_address>0x477</load_address>
         <run_address>0x477</run_address>
         <size>0x20</size>
         <input_file_ref idref="fl-3"/>
      </object_component>
      <object_component id="oc-f0">
         <name>.debug_line</name>
         <load_address>0x497</load_address>
         <run_address>0x497</run_address>
         <size>0xa9</size>
         <input_file_ref idref="fl-be"/>
      </object_component>
      <object_component id="oc-5f">
         <name>.debug_line</name>
         <load_address>0x540</load_address>
         <run_address>0x540</run_address>
         <size>0x4f</size>
         <input_file_ref idref="fl-be"/>
      </object_component>
      <object_component id="oc-af">
         <name>.debug_line</name>
         <load_address>0x58f</load_address>
         <run_address>0x58f</run_address>
         <size>0x34</size>
         <input_file_ref idref="fl-be"/>
      </object_component>
      <object_component id="oc-ed">
         <name>.debug_line</name>
         <load_address>0x5c3</load_address>
         <run_address>0x5c3</run_address>
         <size>0x95</size>
         <input_file_ref idref="fl-be"/>
      </object_component>
      <object_component id="oc-81">
         <name>.debug_line</name>
         <load_address>0x658</load_address>
         <run_address>0x658</run_address>
         <size>0x33</size>
         <input_file_ref idref="fl-c1"/>
      </object_component>
      <object_component id="oc-72">
         <name>.debug_line</name>
         <load_address>0x68b</load_address>
         <run_address>0x68b</run_address>
         <size>0x56</size>
         <input_file_ref idref="fl-c1"/>
      </object_component>
      <object_component id="oc-10a">
         <name>.debug_line</name>
         <load_address>0x6e1</load_address>
         <run_address>0x6e1</run_address>
         <size>0x3c</size>
         <input_file_ref idref="fl-c2"/>
      </object_component>
      <object_component id="oc-1a5">
         <name>.debug_line</name>
         <load_address>0x71d</load_address>
         <run_address>0x71d</run_address>
         <size>0xc2</size>
         <input_file_ref idref="fl-c7"/>
      </object_component>
      <object_component id="oc-116">
         <name>.debug_line</name>
         <load_address>0x7df</load_address>
         <run_address>0x7df</run_address>
         <size>0x6c</size>
         <input_file_ref idref="fl-c7"/>
      </object_component>
      <object_component id="oc-1a9">
         <name>.debug_line</name>
         <load_address>0x84b</load_address>
         <run_address>0x84b</run_address>
         <size>0x2e</size>
         <input_file_ref idref="fl-c7"/>
      </object_component>
      <object_component id="oc-1bf">
         <name>.debug_line</name>
         <load_address>0x879</load_address>
         <run_address>0x879</run_address>
         <size>0x9d</size>
         <input_file_ref idref="fl-c7"/>
      </object_component>
      <object_component id="oc-1ae">
         <name>.debug_line</name>
         <load_address>0x916</load_address>
         <run_address>0x916</run_address>
         <size>0x9a</size>
         <input_file_ref idref="fl-c7"/>
      </object_component>
      <object_component id="oc-1b3">
         <name>.debug_line</name>
         <load_address>0x9b0</load_address>
         <run_address>0x9b0</run_address>
         <size>0x96</size>
         <input_file_ref idref="fl-c7"/>
      </object_component>
      <object_component id="oc-bc">
         <name>.debug_line</name>
         <load_address>0xa46</load_address>
         <run_address>0xa46</run_address>
         <size>0x40</size>
         <input_file_ref idref="fl-c8"/>
      </object_component>
      <object_component id="oc-145">
         <name>.debug_line</name>
         <load_address>0xa86</load_address>
         <run_address>0xa86</run_address>
         <size>0x82</size>
         <input_file_ref idref="fl-ca"/>
      </object_component>
      <object_component id="oc-195">
         <name>.debug_line</name>
         <load_address>0xb08</load_address>
         <run_address>0xb08</run_address>
         <size>0x7d</size>
         <input_file_ref idref="fl-ca"/>
      </object_component>
      <object_component id="oc-8a">
         <name>.debug_line</name>
         <load_address>0xb85</load_address>
         <run_address>0xb85</run_address>
         <size>0x92</size>
         <input_file_ref idref="fl-ca"/>
      </object_component>
      <object_component id="oc-fd">
         <name>.debug_line</name>
         <load_address>0xc17</load_address>
         <run_address>0xc17</run_address>
         <size>0xa7</size>
         <input_file_ref idref="fl-ca"/>
      </object_component>
      <object_component id="oc-d4">
         <name>.debug_line</name>
         <load_address>0xcbe</load_address>
         <run_address>0xcbe</run_address>
         <size>0x69</size>
         <input_file_ref idref="fl-ca"/>
      </object_component>
      <object_component id="oc-18e">
         <name>.debug_line</name>
         <load_address>0xd27</load_address>
         <run_address>0xd27</run_address>
         <size>0x13d</size>
         <input_file_ref idref="fl-cc"/>
      </object_component>
      <object_component id="oc-188">
         <name>.debug_line</name>
         <load_address>0xe64</load_address>
         <run_address>0xe64</run_address>
         <size>0x7f</size>
         <input_file_ref idref="fl-cc"/>
      </object_component>
      <object_component id="oc-18a">
         <name>.debug_line</name>
         <load_address>0xee3</load_address>
         <run_address>0xee3</run_address>
         <size>0x7f</size>
         <input_file_ref idref="fl-cc"/>
      </object_component>
      <object_component id="oc-1b8">
         <name>.debug_line</name>
         <load_address>0xf62</load_address>
         <run_address>0xf62</run_address>
         <size>0x7f</size>
         <input_file_ref idref="fl-cc"/>
      </object_component>
      <object_component id="oc-18c">
         <name>.debug_line</name>
         <load_address>0xfe1</load_address>
         <run_address>0xfe1</run_address>
         <size>0x7f</size>
         <input_file_ref idref="fl-cc"/>
      </object_component>
      <object_component id="oc-14a">
         <name>.debug_line</name>
         <load_address>0x1060</load_address>
         <run_address>0x1060</run_address>
         <size>0x9e</size>
         <input_file_ref idref="fl-cc"/>
      </object_component>
      <object_component id="oc-150">
         <name>.debug_line</name>
         <load_address>0x10fe</load_address>
         <run_address>0x10fe</run_address>
         <size>0xb0</size>
         <input_file_ref idref="fl-cc"/>
      </object_component>
      <object_component id="oc-f7">
         <name>.debug_line</name>
         <load_address>0x11ae</load_address>
         <run_address>0x11ae</run_address>
         <size>0x196</size>
         <input_file_ref idref="fl-cc"/>
      </object_component>
      <object_component id="oc-192">
         <name>.debug_line</name>
         <load_address>0x1344</load_address>
         <run_address>0x1344</run_address>
         <size>0x7f</size>
         <input_file_ref idref="fl-cc"/>
      </object_component>
      <object_component id="oc-29">
         <name>.debug_frame</name>
         <load_address>0x0</load_address>
         <run_address>0x0</run_address>
         <size>0x54</size>
         <input_file_ref idref="fl-2"/>
      </object_component>
      <object_component id="oc-2f">
         <name>.debug_frame</name>
         <load_address>0x54</load_address>
         <run_address>0x54</run_address>
         <size>0x54</size>
         <input_file_ref idref="fl-2"/>
      </object_component>
      <object_component id="oc-3b">
         <name>.debug_frame</name>
         <load_address>0xa8</load_address>
         <run_address>0xa8</run_address>
         <size>0x54</size>
         <input_file_ref idref="fl-2"/>
      </object_component>
      <object_component id="oc-35">
         <name>.debug_frame</name>
         <load_address>0xfc</load_address>
         <run_address>0xfc</run_address>
         <size>0x54</size>
         <input_file_ref idref="fl-2"/>
      </object_component>
      <object_component id="oc-104">
         <name>.debug_frame</name>
         <load_address>0x150</load_address>
         <run_address>0x150</run_address>
         <size>0x5c</size>
         <input_file_ref idref="fl-3"/>
      </object_component>
      <object_component id="oc-c3">
         <name>.debug_frame</name>
         <load_address>0x1ac</load_address>
         <run_address>0x1ac</run_address>
         <size>0x5c</size>
         <input_file_ref idref="fl-3"/>
      </object_component>
      <object_component id="oc-41">
         <name>.debug_frame</name>
         <load_address>0x208</load_address>
         <run_address>0x208</run_address>
         <size>0x60</size>
         <input_file_ref idref="fl-3"/>
      </object_component>
      <object_component id="oc-5e">
         <name>.debug_frame</name>
         <load_address>0x268</load_address>
         <run_address>0x268</run_address>
         <size>0x54</size>
         <input_file_ref idref="fl-be"/>
      </object_component>
      <object_component id="oc-73">
         <name>.debug_frame</name>
         <load_address>0x2bc</load_address>
         <run_address>0x2bc</run_address>
         <size>0x58</size>
         <input_file_ref idref="fl-c1"/>
      </object_component>
      <object_component id="oc-10b">
         <name>.debug_frame</name>
         <load_address>0x314</load_address>
         <run_address>0x314</run_address>
         <size>0x54</size>
         <input_file_ref idref="fl-c2"/>
      </object_component>
      <object_component id="oc-117">
         <name>.debug_frame</name>
         <load_address>0x368</load_address>
         <run_address>0x368</run_address>
         <size>0x5c</size>
         <input_file_ref idref="fl-c7"/>
      </object_component>
      <object_component id="oc-bd">
         <name>.debug_frame</name>
         <load_address>0x3c4</load_address>
         <run_address>0x3c4</run_address>
         <size>0x54</size>
         <input_file_ref idref="fl-c8"/>
      </object_component>
      <object_component id="oc-8b">
         <name>.debug_frame</name>
         <load_address>0x418</load_address>
         <run_address>0x418</run_address>
         <size>0x7f</size>
         <input_file_ref idref="fl-ca"/>
      </object_component>
      <object_component id="oc-fe">
         <name>.debug_frame</name>
         <load_address>0x497</load_address>
         <run_address>0x497</run_address>
         <size>0x86</size>
         <input_file_ref idref="fl-ca"/>
      </object_component>
      <object_component id="oc-14b">
         <name>.debug_frame</name>
         <load_address>0x51d</load_address>
         <run_address>0x51d</run_address>
         <size>0x7f</size>
         <input_file_ref idref="fl-cc"/>
      </object_component>
      <object_component id="oc-151">
         <name>.debug_frame</name>
         <load_address>0x59c</load_address>
         <run_address>0x59c</run_address>
         <size>0x8a</size>
         <input_file_ref idref="fl-cc"/>
      </object_component>
      <object_component id="oc-f8">
         <name>.debug_frame</name>
         <load_address>0x626</load_address>
         <run_address>0x626</run_address>
         <size>0x98</size>
         <input_file_ref idref="fl-cc"/>
      </object_component>
      <object_component id="oc-96">
         <name>.debug_abbrev</name>
         <load_address>0x0</load_address>
         <run_address>0x0</run_address>
         <size>0x7c</size>
         <input_file_ref idref="fl-2"/>
      </object_component>
      <object_component id="oc-42">
         <name>.debug_abbrev</name>
         <load_address>0x7c</load_address>
         <run_address>0x7c</run_address>
         <size>0x29</size>
         <input_file_ref idref="fl-2"/>
      </object_component>
      <object_component id="oc-82">
         <name>.debug_abbrev</name>
         <load_address>0xa5</load_address>
         <run_address>0xa5</run_address>
         <size>0x50</size>
         <input_file_ref idref="fl-2"/>
      </object_component>
      <object_component id="oc-83">
         <name>.debug_abbrev</name>
         <load_address>0xf5</load_address>
         <run_address>0xf5</run_address>
         <size>0x40</size>
         <input_file_ref idref="fl-2"/>
      </object_component>
      <object_component id="oc-85">
         <name>.debug_abbrev</name>
         <load_address>0x135</load_address>
         <run_address>0x135</run_address>
         <size>0x40</size>
         <input_file_ref idref="fl-2"/>
      </object_component>
      <object_component id="oc-84">
         <name>.debug_abbrev</name>
         <load_address>0x175</load_address>
         <run_address>0x175</run_address>
         <size>0x40</size>
         <input_file_ref idref="fl-2"/>
      </object_component>
      <object_component id="oc-9a">
         <name>.debug_abbrev</name>
         <load_address>0x1b5</load_address>
         <run_address>0x1b5</run_address>
         <size>0x69</size>
         <input_file_ref idref="fl-2"/>
      </object_component>
      <object_component id="oc-4d">
         <name>.debug_abbrev</name>
         <load_address>0x21e</load_address>
         <run_address>0x21e</run_address>
         <size>0x1f</size>
         <input_file_ref idref="fl-2"/>
      </object_component>
      <object_component id="oc-e0">
         <name>.debug_abbrev</name>
         <load_address>0x23d</load_address>
         <run_address>0x23d</run_address>
         <size>0x5c</size>
         <input_file_ref idref="fl-2"/>
      </object_component>
      <object_component id="oc-93">
         <name>.debug_abbrev</name>
         <load_address>0x299</load_address>
         <run_address>0x299</run_address>
         <size>0x24</size>
         <input_file_ref idref="fl-2"/>
      </object_component>
      <object_component id="oc-d7">
         <name>.debug_abbrev</name>
         <load_address>0x2bd</load_address>
         <run_address>0x2bd</run_address>
         <size>0x98</size>
         <input_file_ref idref="fl-3"/>
      </object_component>
      <object_component id="oc-161">
         <name>.debug_abbrev</name>
         <load_address>0x355</load_address>
         <run_address>0x355</run_address>
         <size>0x7b</size>
         <input_file_ref idref="fl-3"/>
      </object_component>
      <object_component id="oc-105">
         <name>.debug_abbrev</name>
         <load_address>0x3d0</load_address>
         <run_address>0x3d0</run_address>
         <size>0x63</size>
         <input_file_ref idref="fl-3"/>
      </object_component>
      <object_component id="oc-90">
         <name>.debug_abbrev</name>
         <load_address>0x433</load_address>
         <run_address>0x433</run_address>
         <size>0x7b</size>
         <input_file_ref idref="fl-3"/>
      </object_component>
      <object_component id="oc-db">
         <name>.debug_abbrev</name>
         <load_address>0x4ae</load_address>
         <run_address>0x4ae</run_address>
         <size>0x1f</size>
         <input_file_ref idref="fl-3"/>
      </object_component>
      <object_component id="oc-ef">
         <name>.debug_abbrev</name>
         <load_address>0x4cd</load_address>
         <run_address>0x4cd</run_address>
         <size>0x73</size>
         <input_file_ref idref="fl-be"/>
      </object_component>
      <object_component id="oc-ab">
         <name>.debug_abbrev</name>
         <load_address>0x540</load_address>
         <run_address>0x540</run_address>
         <size>0x6f</size>
         <input_file_ref idref="fl-be"/>
      </object_component>
      <object_component id="oc-ae">
         <name>.debug_abbrev</name>
         <load_address>0x5af</load_address>
         <run_address>0x5af</run_address>
         <size>0x24</size>
         <input_file_ref idref="fl-be"/>
      </object_component>
      <object_component id="oc-ec">
         <name>.debug_abbrev</name>
         <load_address>0x5d3</load_address>
         <run_address>0x5d3</run_address>
         <size>0x24</size>
         <input_file_ref idref="fl-be"/>
      </object_component>
      <object_component id="oc-80">
         <name>.debug_abbrev</name>
         <load_address>0x5f7</load_address>
         <run_address>0x5f7</run_address>
         <size>0x29</size>
         <input_file_ref idref="fl-c1"/>
      </object_component>
      <object_component id="oc-c7">
         <name>.debug_abbrev</name>
         <load_address>0x620</load_address>
         <run_address>0x620</run_address>
         <size>0x61</size>
         <input_file_ref idref="fl-c1"/>
      </object_component>
      <object_component id="oc-162">
         <name>.debug_abbrev</name>
         <load_address>0x681</load_address>
         <run_address>0x681</run_address>
         <size>0x45</size>
         <input_file_ref idref="fl-c2"/>
      </object_component>
      <object_component id="oc-1a4">
         <name>.debug_abbrev</name>
         <load_address>0x6c6</load_address>
         <run_address>0x6c6</run_address>
         <size>0xdb</size>
         <input_file_ref idref="fl-c7"/>
      </object_component>
      <object_component id="oc-16c">
         <name>.debug_abbrev</name>
         <load_address>0x7a1</load_address>
         <run_address>0x7a1</run_address>
         <size>0x7e</size>
         <input_file_ref idref="fl-c7"/>
      </object_component>
      <object_component id="oc-1a8">
         <name>.debug_abbrev</name>
         <load_address>0x81f</load_address>
         <run_address>0x81f</run_address>
         <size>0x24</size>
         <input_file_ref idref="fl-c7"/>
      </object_component>
      <object_component id="oc-1be">
         <name>.debug_abbrev</name>
         <load_address>0x843</load_address>
         <run_address>0x843</run_address>
         <size>0x24</size>
         <input_file_ref idref="fl-c7"/>
      </object_component>
      <object_component id="oc-1ad">
         <name>.debug_abbrev</name>
         <load_address>0x867</load_address>
         <run_address>0x867</run_address>
         <size>0x24</size>
         <input_file_ref idref="fl-c7"/>
      </object_component>
      <object_component id="oc-1b2">
         <name>.debug_abbrev</name>
         <load_address>0x88b</load_address>
         <run_address>0x88b</run_address>
         <size>0x4b</size>
         <input_file_ref idref="fl-c7"/>
      </object_component>
      <object_component id="oc-f2">
         <name>.debug_abbrev</name>
         <load_address>0x8d6</load_address>
         <run_address>0x8d6</run_address>
         <size>0x55</size>
         <input_file_ref idref="fl-c8"/>
      </object_component>
      <object_component id="oc-144">
         <name>.debug_abbrev</name>
         <load_address>0x92b</load_address>
         <run_address>0x92b</run_address>
         <size>0x72</size>
         <input_file_ref idref="fl-ca"/>
      </object_component>
      <object_component id="oc-194">
         <name>.debug_abbrev</name>
         <load_address>0x99d</load_address>
         <run_address>0x99d</run_address>
         <size>0x27</size>
         <input_file_ref idref="fl-ca"/>
      </object_component>
      <object_component id="oc-d0">
         <name>.debug_abbrev</name>
         <load_address>0x9c4</load_address>
         <run_address>0x9c4</run_address>
         <size>0x6c</size>
         <input_file_ref idref="fl-ca"/>
      </object_component>
      <object_component id="oc-160">
         <name>.debug_abbrev</name>
         <load_address>0xa30</load_address>
         <run_address>0xa30</run_address>
         <size>0x6c</size>
         <input_file_ref idref="fl-ca"/>
      </object_component>
      <object_component id="oc-d3">
         <name>.debug_abbrev</name>
         <load_address>0xa9c</load_address>
         <run_address>0xa9c</run_address>
         <size>0x35</size>
         <input_file_ref idref="fl-ca"/>
      </object_component>
      <object_component id="oc-18d">
         <name>.debug_abbrev</name>
         <load_address>0xad1</load_address>
         <run_address>0xad1</run_address>
         <size>0xb0</size>
         <input_file_ref idref="fl-cc"/>
      </object_component>
      <object_component id="oc-187">
         <name>.debug_abbrev</name>
         <load_address>0xb81</load_address>
         <run_address>0xb81</run_address>
         <size>0x27</size>
         <input_file_ref idref="fl-cc"/>
      </object_component>
      <object_component id="oc-189">
         <name>.debug_abbrev</name>
         <load_address>0xba8</load_address>
         <run_address>0xba8</run_address>
         <size>0x27</size>
         <input_file_ref idref="fl-cc"/>
      </object_component>
      <object_component id="oc-1b7">
         <name>.debug_abbrev</name>
         <load_address>0xbcf</load_address>
         <run_address>0xbcf</run_address>
         <size>0x27</size>
         <input_file_ref idref="fl-cc"/>
      </object_component>
      <object_component id="oc-18b">
         <name>.debug_abbrev</name>
         <load_address>0xbf6</load_address>
         <run_address>0xbf6</run_address>
         <size>0x27</size>
         <input_file_ref idref="fl-cc"/>
      </object_component>
      <object_component id="oc-185">
         <name>.debug_abbrev</name>
         <load_address>0xc1d</load_address>
         <run_address>0xc1d</run_address>
         <size>0x6c</size>
         <input_file_ref idref="fl-cc"/>
      </object_component>
      <object_component id="oc-186">
         <name>.debug_abbrev</name>
         <load_address>0xc89</load_address>
         <run_address>0xc89</run_address>
         <size>0x6c</size>
         <input_file_ref idref="fl-cc"/>
      </object_component>
      <object_component id="oc-15b">
         <name>.debug_abbrev</name>
         <load_address>0xcf5</load_address>
         <run_address>0xcf5</run_address>
         <size>0x7c</size>
         <input_file_ref idref="fl-cc"/>
      </object_component>
      <object_component id="oc-191">
         <name>.debug_abbrev</name>
         <load_address>0xd71</load_address>
         <run_address>0xd71</run_address>
         <size>0x49</size>
         <input_file_ref idref="fl-cc"/>
      </object_component>
      <object_component id="oc-1f4">
         <name>.debug_abbrev</name>
         <load_address>0xdba</load_address>
         <run_address>0xdba</run_address>
         <size>0xf</size>
      </object_component>
      <object_component id="oc-9c">
         <name>.debug_str</name>
         <load_address>0x0</load_address>
         <run_address>0x0</run_address>
         <size>0x29c</size>
         <input_file_ref idref="fl-2"/>
      </object_component>
      <object_component id="oc-4f">
         <name>.debug_str</name>
         <load_address>0x29c</load_address>
         <run_address>0x29c</run_address>
         <size>0xfa</size>
         <input_file_ref idref="fl-2"/>
      </object_component>
      <object_component id="oc-e2">
         <name>.debug_str</name>
         <load_address>0x396</load_address>
         <run_address>0x396</run_address>
         <size>0x32b</size>
         <input_file_ref idref="fl-2"/>
      </object_component>
      <object_component id="oc-95">
         <name>.debug_str</name>
         <load_address>0x6c1</load_address>
         <run_address>0x6c1</run_address>
         <size>0x134</size>
         <input_file_ref idref="fl-2"/>
      </object_component>
      <object_component id="oc-dd">
         <name>.debug_str</name>
         <load_address>0x7f5</load_address>
         <run_address>0x7f5</run_address>
         <size>0xfa</size>
         <input_file_ref idref="fl-3"/>
      </object_component>
      <object_component id="oc-b0">
         <name>.debug_str</name>
         <load_address>0x8ef</load_address>
         <run_address>0x8ef</run_address>
         <size>0x105</size>
         <input_file_ref idref="fl-be"/>
      </object_component>
      <object_component id="oc-ee">
         <name>.debug_str</name>
         <load_address>0x9f4</load_address>
         <run_address>0x9f4</run_address>
         <size>0x143</size>
         <input_file_ref idref="fl-be"/>
      </object_component>
      <object_component id="oc-1aa">
         <name>.debug_str</name>
         <load_address>0xb37</load_address>
         <run_address>0xb37</run_address>
         <size>0xed</size>
         <input_file_ref idref="fl-c7"/>
      </object_component>
      <object_component id="oc-1c0">
         <name>.debug_str</name>
         <load_address>0xc24</load_address>
         <run_address>0xc24</run_address>
         <size>0x15a</size>
         <input_file_ref idref="fl-c7"/>
      </object_component>
      <object_component id="oc-1af">
         <name>.debug_str</name>
         <load_address>0xd7e</load_address>
         <run_address>0xd7e</run_address>
         <size>0x153</size>
         <input_file_ref idref="fl-c7"/>
      </object_component>
      <object_component id="oc-1b4">
         <name>.debug_str</name>
         <load_address>0xed1</load_address>
         <run_address>0xed1</run_address>
         <size>0x19a</size>
         <input_file_ref idref="fl-c7"/>
      </object_component>
      <object_component id="oc-d5">
         <name>.debug_str</name>
         <load_address>0x106b</load_address>
         <run_address>0x106b</run_address>
         <size>0x241</size>
         <input_file_ref idref="fl-ca"/>
      </object_component>
      <object_component id="oc-193">
         <name>.debug_str</name>
         <load_address>0x12ac</load_address>
         <run_address>0x12ac</run_address>
         <size>0x141</size>
         <input_file_ref idref="fl-cc"/>
      </object_component>
      <object_component id="oc-26">
         <name>.debug_aranges</name>
         <load_address>0x0</load_address>
         <run_address>0x0</run_address>
         <size>0x20</size>
         <input_file_ref idref="fl-2"/>
      </object_component>
      <object_component id="oc-2c">
         <name>.debug_aranges</name>
         <load_address>0x20</load_address>
         <run_address>0x20</run_address>
         <size>0x20</size>
         <input_file_ref idref="fl-2"/>
      </object_component>
      <object_component id="oc-38">
         <name>.debug_aranges</name>
         <load_address>0x40</load_address>
         <run_address>0x40</run_address>
         <size>0x20</size>
         <input_file_ref idref="fl-2"/>
      </object_component>
      <object_component id="oc-32">
         <name>.debug_aranges</name>
         <load_address>0x60</load_address>
         <run_address>0x60</run_address>
         <size>0x20</size>
         <input_file_ref idref="fl-2"/>
      </object_component>
      <object_component id="oc-101">
         <name>.debug_aranges</name>
         <load_address>0x80</load_address>
         <run_address>0x80</run_address>
         <size>0x20</size>
         <input_file_ref idref="fl-3"/>
      </object_component>
      <object_component id="oc-c0">
         <name>.debug_aranges</name>
         <load_address>0xa0</load_address>
         <run_address>0xa0</run_address>
         <size>0x20</size>
         <input_file_ref idref="fl-3"/>
      </object_component>
      <object_component id="oc-3e">
         <name>.debug_aranges</name>
         <load_address>0xc0</load_address>
         <run_address>0xc0</run_address>
         <size>0x20</size>
         <input_file_ref idref="fl-3"/>
      </object_component>
      <object_component id="oc-5d">
         <name>.debug_aranges</name>
         <load_address>0xe0</load_address>
         <run_address>0xe0</run_address>
         <size>0x20</size>
         <input_file_ref idref="fl-be"/>
      </object_component>
      <object_component id="oc-70">
         <name>.debug_aranges</name>
         <load_address>0x100</load_address>
         <run_address>0x100</run_address>
         <size>0x20</size>
         <input_file_ref idref="fl-c1"/>
      </object_component>
      <object_component id="oc-108">
         <name>.debug_aranges</name>
         <load_address>0x120</load_address>
         <run_address>0x120</run_address>
         <size>0x20</size>
         <input_file_ref idref="fl-c2"/>
      </object_component>
      <object_component id="oc-114">
         <name>.debug_aranges</name>
         <load_address>0x140</load_address>
         <run_address>0x140</run_address>
         <size>0x20</size>
         <input_file_ref idref="fl-c7"/>
      </object_component>
      <object_component id="oc-ba">
         <name>.debug_aranges</name>
         <load_address>0x160</load_address>
         <run_address>0x160</run_address>
         <size>0x20</size>
         <input_file_ref idref="fl-c8"/>
      </object_component>
      <object_component id="oc-88">
         <name>.debug_aranges</name>
         <load_address>0x180</load_address>
         <run_address>0x180</run_address>
         <size>0x20</size>
         <input_file_ref idref="fl-ca"/>
      </object_component>
      <object_component id="oc-fb">
         <name>.debug_aranges</name>
         <load_address>0x1a0</load_address>
         <run_address>0x1a0</run_address>
         <size>0x20</size>
         <input_file_ref idref="fl-ca"/>
      </object_component>
      <object_component id="oc-148">
         <name>.debug_aranges</name>
         <load_address>0x1c0</load_address>
         <run_address>0x1c0</run_address>
         <size>0x20</size>
         <input_file_ref idref="fl-cc"/>
      </object_component>
      <object_component id="oc-14e">
         <name>.debug_aranges</name>
         <load_address>0x1e0</load_address>
         <run_address>0x1e0</run_address>
         <size>0x20</size>
         <input_file_ref idref="fl-cc"/>
      </object_component>
      <object_component id="oc-f5">
         <name>.debug_aranges</name>
         <load_address>0x200</load_address>
         <run_address>0x200</run_address>
         <size>0x20</size>
         <input_file_ref idref="fl-cc"/>
      </object_component>
      <object_component id="oc-11">
         <name>.debug_pubnames</name>
         <load_address>0x0</load_address>
         <run_address>0x0</run_address>
         <size>0x23</size>
         <input_file_ref idref="fl-2"/>
      </object_component>
      <object_component id="oc-27">
         <name>.debug_pubnames</name>
         <load_address>0x23</load_address>
         <run_address>0x23</run_address>
         <size>0x1f</size>
         <input_file_ref idref="fl-2"/>
      </object_component>
      <object_component id="oc-2d">
         <name>.debug_pubnames</name>
         <load_address>0x42</load_address>
         <run_address>0x42</run_address>
         <size>0x1c</size>
         <input_file_ref idref="fl-2"/>
      </object_component>
      <object_component id="oc-39">
         <name>.debug_pubnames</name>
         <load_address>0x5e</load_address>
         <run_address>0x5e</run_address>
         <size>0x28</size>
         <input_file_ref idref="fl-2"/>
      </object_component>
      <object_component id="oc-33">
         <name>.debug_pubnames</name>
         <load_address>0x86</load_address>
         <run_address>0x86</run_address>
         <size>0x1f</size>
         <input_file_ref idref="fl-2"/>
      </object_component>
      <object_component id="oc-8f">
         <name>.debug_pubnames</name>
         <load_address>0xa5</load_address>
         <run_address>0xa5</run_address>
         <size>0x25</size>
         <input_file_ref idref="fl-3"/>
      </object_component>
      <object_component id="oc-102">
         <name>.debug_pubnames</name>
         <load_address>0xca</load_address>
         <run_address>0xca</run_address>
         <size>0x1f</size>
         <input_file_ref idref="fl-3"/>
      </object_component>
      <object_component id="oc-c1">
         <name>.debug_pubnames</name>
         <load_address>0xe9</load_address>
         <run_address>0xe9</run_address>
         <size>0x1b</size>
         <input_file_ref idref="fl-3"/>
      </object_component>
      <object_component id="oc-3f">
         <name>.debug_pubnames</name>
         <load_address>0x104</load_address>
         <run_address>0x104</run_address>
         <size>0x25</size>
         <input_file_ref idref="fl-3"/>
      </object_component>
      <object_component id="oc-61">
         <name>.debug_pubnames</name>
         <load_address>0x129</load_address>
         <run_address>0x129</run_address>
         <size>0x2e</size>
         <input_file_ref idref="fl-be"/>
      </object_component>
      <object_component id="oc-23">
         <name>.debug_pubnames</name>
         <load_address>0x157</load_address>
         <run_address>0x157</run_address>
         <size>0x1e</size>
         <input_file_ref idref="fl-c1"/>
      </object_component>
      <object_component id="oc-71">
         <name>.debug_pubnames</name>
         <load_address>0x175</load_address>
         <run_address>0x175</run_address>
         <size>0x26</size>
         <input_file_ref idref="fl-c1"/>
      </object_component>
      <object_component id="oc-109">
         <name>.debug_pubnames</name>
         <load_address>0x19b</load_address>
         <run_address>0x19b</run_address>
         <size>0x1c</size>
         <input_file_ref idref="fl-c2"/>
      </object_component>
      <object_component id="oc-115">
         <name>.debug_pubnames</name>
         <load_address>0x1b7</load_address>
         <run_address>0x1b7</run_address>
         <size>0x35</size>
         <input_file_ref idref="fl-c7"/>
      </object_component>
      <object_component id="oc-bb">
         <name>.debug_pubnames</name>
         <load_address>0x1ec</load_address>
         <run_address>0x1ec</run_address>
         <size>0x27</size>
         <input_file_ref idref="fl-c8"/>
      </object_component>
      <object_component id="oc-15f">
         <name>.debug_pubnames</name>
         <load_address>0x213</load_address>
         <run_address>0x213</run_address>
         <size>0x2b</size>
         <input_file_ref idref="fl-ca"/>
      </object_component>
      <object_component id="oc-89">
         <name>.debug_pubnames</name>
         <load_address>0x23e</load_address>
         <run_address>0x23e</run_address>
         <size>0x23</size>
         <input_file_ref idref="fl-ca"/>
      </object_component>
      <object_component id="oc-fc">
         <name>.debug_pubnames</name>
         <load_address>0x261</load_address>
         <run_address>0x261</run_address>
         <size>0x27</size>
         <input_file_ref idref="fl-ca"/>
      </object_component>
      <object_component id="oc-154">
         <name>.debug_pubnames</name>
         <load_address>0x288</load_address>
         <run_address>0x288</run_address>
         <size>0x23</size>
         <input_file_ref idref="fl-cc"/>
      </object_component>
      <object_component id="oc-157">
         <name>.debug_pubnames</name>
         <load_address>0x2ab</load_address>
         <run_address>0x2ab</run_address>
         <size>0x29</size>
         <input_file_ref idref="fl-cc"/>
      </object_component>
      <object_component id="oc-184">
         <name>.debug_pubnames</name>
         <load_address>0x2d4</load_address>
         <run_address>0x2d4</run_address>
         <size>0x26</size>
         <input_file_ref idref="fl-cc"/>
      </object_component>
      <object_component id="oc-15a">
         <name>.debug_pubnames</name>
         <load_address>0x2fa</load_address>
         <run_address>0x2fa</run_address>
         <size>0x2c</size>
         <input_file_ref idref="fl-cc"/>
      </object_component>
      <object_component id="oc-149">
         <name>.debug_pubnames</name>
         <load_address>0x326</load_address>
         <run_address>0x326</run_address>
         <size>0x2a</size>
         <input_file_ref idref="fl-cc"/>
      </object_component>
      <object_component id="oc-14f">
         <name>.debug_pubnames</name>
         <load_address>0x350</load_address>
         <run_address>0x350</run_address>
         <size>0x2a</size>
         <input_file_ref idref="fl-cc"/>
      </object_component>
      <object_component id="oc-f6">
         <name>.debug_pubnames</name>
         <load_address>0x37a</load_address>
         <run_address>0x37a</run_address>
         <size>0x29</size>
         <input_file_ref idref="fl-cc"/>
      </object_component>
      <object_component id="oc-99">
         <name>.debug_pubtypes</name>
         <load_address>0x0</load_address>
         <run_address>0x0</run_address>
         <size>0x25c</size>
         <input_file_ref idref="fl-2"/>
      </object_component>
      <object_component id="oc-4c">
         <name>.debug_pubtypes</name>
         <load_address>0x25c</load_address>
         <run_address>0x25c</run_address>
         <size>0xed</size>
         <input_file_ref idref="fl-2"/>
      </object_component>
      <object_component id="oc-df">
         <name>.debug_pubtypes</name>
         <load_address>0x349</load_address>
         <run_address>0x349</run_address>
         <size>0x325</size>
         <input_file_ref idref="fl-2"/>
      </object_component>
      <object_component id="oc-92">
         <name>.debug_pubtypes</name>
         <load_address>0x66e</load_address>
         <run_address>0x66e</run_address>
         <size>0xaa</size>
         <input_file_ref idref="fl-2"/>
      </object_component>
      <object_component id="oc-da">
         <name>.debug_pubtypes</name>
         <load_address>0x718</load_address>
         <run_address>0x718</run_address>
         <size>0xff</size>
         <input_file_ref idref="fl-3"/>
      </object_component>
      <object_component id="oc-ad">
         <name>.debug_pubtypes</name>
         <load_address>0x817</load_address>
         <run_address>0x817</run_address>
         <size>0x48</size>
         <input_file_ref idref="fl-be"/>
      </object_component>
      <object_component id="oc-eb">
         <name>.debug_pubtypes</name>
         <load_address>0x85f</load_address>
         <run_address>0x85f</run_address>
         <size>0x1d</size>
         <input_file_ref idref="fl-be"/>
      </object_component>
      <object_component id="oc-1a7">
         <name>.debug_pubtypes</name>
         <load_address>0x87c</load_address>
         <run_address>0x87c</run_address>
         <size>0x32</size>
         <input_file_ref idref="fl-c7"/>
      </object_component>
      <object_component id="oc-1bd">
         <name>.debug_pubtypes</name>
         <load_address>0x8ae</load_address>
         <run_address>0x8ae</run_address>
         <size>0x30</size>
         <input_file_ref idref="fl-c7"/>
      </object_component>
      <object_component id="oc-1ac">
         <name>.debug_pubtypes</name>
         <load_address>0x8de</load_address>
         <run_address>0x8de</run_address>
         <size>0x2c</size>
         <input_file_ref idref="fl-c7"/>
      </object_component>
      <object_component id="oc-1b1">
         <name>.debug_pubtypes</name>
         <load_address>0x90a</load_address>
         <run_address>0x90a</run_address>
         <size>0x50</size>
         <input_file_ref idref="fl-c7"/>
      </object_component>
      <object_component id="oc-d2">
         <name>.debug_pubtypes</name>
         <load_address>0x95a</load_address>
         <run_address>0x95a</run_address>
         <size>0x1c6</size>
         <input_file_ref idref="fl-ca"/>
      </object_component>
      <object_component id="oc-190">
         <name>.debug_pubtypes</name>
         <load_address>0xb20</load_address>
         <run_address>0xb20</run_address>
         <size>0x28</size>
         <input_file_ref idref="fl-cc"/>
      </object_component>
   </object_component_list>
   <logical_group_list>
      <logical_group id="lg-3" display="no" color="cyan">
         <name>.intvecs</name>
         <load_address>0x0</load_address>
         <run_address>0x0</run_address>
         <size>0x200</size>
         <contents>
            <object_component_ref idref="oc-f"/>
         </contents>
      </logical_group>
      <logical_group id="lg-4" display="no" color="cyan">
         <name>.text</name>
         <load_address>0x200</load_address>
         <run_address>0x200</run_address>
         <size>0x4ce</size>
         <contents>
            <object_component_ref idref="oc-f3"/>
            <object_component_ref idref="oc-be"/>
            <object_component_ref idref="oc-3c"/>
            <object_component_ref idref="oc-f9"/>
            <object_component_ref idref="oc-14c"/>
            <object_component_ref idref="oc-112"/>
            <object_component_ref idref="oc-6e"/>
            <object_component_ref idref="oc-ff"/>
            <object_component_ref idref="oc-146"/>
            <object_component_ref idref="oc-5c"/>
            <object_component_ref idref="oc-86"/>
            <object_component_ref idref="oc-24"/>
            <object_component_ref idref="oc-8c"/>
            <object_component_ref idref="oc-b8"/>
            <object_component_ref idref="oc-106"/>
            <object_component_ref idref="oc-30"/>
            <object_component_ref idref="oc-36"/>
            <object_component_ref idref="oc-2a"/>
         </contents>
      </logical_group>
      <logical_group id="lg-5" display="no" color="cyan">
         <name>.const</name>
         <load_address>0x6d0</load_address>
         <run_address>0x6d0</run_address>
         <size>0x2e4</size>
         <contents>
            <object_component_ref idref="oc-155"/>
            <object_component_ref idref="oc-15d"/>
            <object_component_ref idref="oc-152"/>
            <object_component_ref idref="oc-182"/>
            <object_component_ref idref="oc-158"/>
         </contents>
      </logical_group>
      <logical_group id="lg-6" display="no" color="cyan">
         <name>.cinit</name>
         <load_address>0x9b8</load_address>
         <run_address>0x9b8</run_address>
         <size>0x14</size>
         <contents>
            <object_component_ref idref="oc-1f1"/>
            <object_component_ref idref="oc-1ef"/>
            <object_component_ref idref="oc-1f0"/>
         </contents>
      </logical_group>
      <logical_group id="lg-7" display="no" color="cyan">
         <name>.pinit</name>
         <run_address>0x0</run_address>
         <size>0x0</size>
         <contents>
         </contents>
      </logical_group>
      <logical_group id="lg-8" display="no" color="cyan">
         <name>.init_array</name>
         <run_address>0x0</run_address>
         <size>0x0</size>
         <contents>
         </contents>
      </logical_group>
      <logical_group id="lg-9" display="no" color="cyan">
         <name>.vtable</name>
         <run_address>0x0</run_address>
         <size>0x0</size>
         <contents>
         </contents>
      </logical_group>
      <logical_group id="lg-a" display="no" color="cyan">
         <name>.data</name>
         <run_address>0x0</run_address>
         <size>0x0</size>
         <contents>
         </contents>
      </logical_group>
      <logical_group id="lg-b" display="no" color="cyan">
         <name>.bss</name>
         <run_address>0x20000100</run_address>
         <size>0x4</size>
         <contents>
            <object_component_ref idref="oc-8d"/>
         </contents>
      </logical_group>
      <logical_group id="lg-c" display="no" color="cyan">
         <name>.sysmem</name>
         <run_address>0x0</run_address>
         <size>0x0</size>
         <contents>
         </contents>
      </logical_group>
      <logical_group id="lg-d" display="no" color="cyan">
         <name>.stack</name>
         <run_address>0x20000000</run_address>
         <size>0x100</size>
         <contents>
            <object_component_ref idref="oc-21"/>
            <object_component_ref idref="oc-1f2"/>
         </contents>
      </logical_group>
      <logical_group id="lg-1c8" display="no" color="cyan">
         <name>.TI.noinit</name>
         <run_address>0x0</run_address>
         <size>0x0</size>
         <contents>
         </contents>
      </logical_group>
      <logical_group id="lg-1c9" display="no" color="cyan">
         <name>.TI.persistent</name>
         <run_address>0x0</run_address>
         <size>0x0</size>
         <contents>
         </contents>
      </logical_group>
      <logical_group id="lg-1d7" display="never" color="cyan">
         <name>.debug_info</name>
         <load_address>0x0</load_address>
         <run_address>0x0</run_address>
         <size>0x45f2</size>
         <contents>
            <object_component_ref idref="oc-44"/>
            <object_component_ref idref="oc-10"/>
            <object_component_ref idref="oc-25"/>
            <object_component_ref idref="oc-2b"/>
            <object_component_ref idref="oc-37"/>
            <object_component_ref idref="oc-31"/>
            <object_component_ref idref="oc-98"/>
            <object_component_ref idref="oc-4b"/>
            <object_component_ref idref="oc-de"/>
            <object_component_ref idref="oc-91"/>
            <object_component_ref idref="oc-8e"/>
            <object_component_ref idref="oc-100"/>
            <object_component_ref idref="oc-bf"/>
            <object_component_ref idref="oc-3d"/>
            <object_component_ref idref="oc-d9"/>
            <object_component_ref idref="oc-b1"/>
            <object_component_ref idref="oc-60"/>
            <object_component_ref idref="oc-ac"/>
            <object_component_ref idref="oc-ea"/>
            <object_component_ref idref="oc-22"/>
            <object_component_ref idref="oc-6f"/>
            <object_component_ref idref="oc-107"/>
            <object_component_ref idref="oc-16d"/>
            <object_component_ref idref="oc-113"/>
            <object_component_ref idref="oc-1a6"/>
            <object_component_ref idref="oc-1bc"/>
            <object_component_ref idref="oc-1ab"/>
            <object_component_ref idref="oc-1b0"/>
            <object_component_ref idref="oc-b9"/>
            <object_component_ref idref="oc-d6"/>
            <object_component_ref idref="oc-15e"/>
            <object_component_ref idref="oc-87"/>
            <object_component_ref idref="oc-fa"/>
            <object_component_ref idref="oc-d1"/>
            <object_component_ref idref="oc-15c"/>
            <object_component_ref idref="oc-153"/>
            <object_component_ref idref="oc-156"/>
            <object_component_ref idref="oc-183"/>
            <object_component_ref idref="oc-159"/>
            <object_component_ref idref="oc-147"/>
            <object_component_ref idref="oc-14d"/>
            <object_component_ref idref="oc-f4"/>
            <object_component_ref idref="oc-18f"/>
            <object_component_ref idref="oc-1f3"/>
         </contents>
      </logical_group>
      <logical_group id="lg-1d9" display="never" color="cyan">
         <name>.debug_line</name>
         <load_address>0x0</load_address>
         <run_address>0x0</run_address>
         <size>0x13c3</size>
         <contents>
            <object_component_ref idref="oc-97"/>
            <object_component_ref idref="oc-43"/>
            <object_component_ref idref="oc-28"/>
            <object_component_ref idref="oc-2e"/>
            <object_component_ref idref="oc-3a"/>
            <object_component_ref idref="oc-34"/>
            <object_component_ref idref="oc-9b"/>
            <object_component_ref idref="oc-4e"/>
            <object_component_ref idref="oc-e1"/>
            <object_component_ref idref="oc-94"/>
            <object_component_ref idref="oc-d8"/>
            <object_component_ref idref="oc-103"/>
            <object_component_ref idref="oc-c2"/>
            <object_component_ref idref="oc-40"/>
            <object_component_ref idref="oc-dc"/>
            <object_component_ref idref="oc-f0"/>
            <object_component_ref idref="oc-5f"/>
            <object_component_ref idref="oc-af"/>
            <object_component_ref idref="oc-ed"/>
            <object_component_ref idref="oc-81"/>
            <object_component_ref idref="oc-72"/>
            <object_component_ref idref="oc-10a"/>
            <object_component_ref idref="oc-1a5"/>
            <object_component_ref idref="oc-116"/>
            <object_component_ref idref="oc-1a9"/>
            <object_component_ref idref="oc-1bf"/>
            <object_component_ref idref="oc-1ae"/>
            <object_component_ref idref="oc-1b3"/>
            <object_component_ref idref="oc-bc"/>
            <object_component_ref idref="oc-145"/>
            <object_component_ref idref="oc-195"/>
            <object_component_ref idref="oc-8a"/>
            <object_component_ref idref="oc-fd"/>
            <object_component_ref idref="oc-d4"/>
            <object_component_ref idref="oc-18e"/>
            <object_component_ref idref="oc-188"/>
            <object_component_ref idref="oc-18a"/>
            <object_component_ref idref="oc-1b8"/>
            <object_component_ref idref="oc-18c"/>
            <object_component_ref idref="oc-14a"/>
            <object_component_ref idref="oc-150"/>
            <object_component_ref idref="oc-f7"/>
            <object_component_ref idref="oc-192"/>
         </contents>
      </logical_group>
      <logical_group id="lg-1db" display="never" color="cyan">
         <name>.debug_frame</name>
         <load_address>0x0</load_address>
         <run_address>0x0</run_address>
         <size>0x6be</size>
         <contents>
            <object_component_ref idref="oc-29"/>
            <object_component_ref idref="oc-2f"/>
            <object_component_ref idref="oc-3b"/>
            <object_component_ref idref="oc-35"/>
            <object_component_ref idref="oc-104"/>
            <object_component_ref idref="oc-c3"/>
            <object_component_ref idref="oc-41"/>
            <object_component_ref idref="oc-5e"/>
            <object_component_ref idref="oc-73"/>
            <object_component_ref idref="oc-10b"/>
            <object_component_ref idref="oc-117"/>
            <object_component_ref idref="oc-bd"/>
            <object_component_ref idref="oc-8b"/>
            <object_component_ref idref="oc-fe"/>
            <object_component_ref idref="oc-14b"/>
            <object_component_ref idref="oc-151"/>
            <object_component_ref idref="oc-f8"/>
         </contents>
      </logical_group>
      <logical_group id="lg-1dd" display="never" color="cyan">
         <name>.debug_abbrev</name>
         <load_address>0x0</load_address>
         <run_address>0x0</run_address>
         <size>0xdc9</size>
         <contents>
            <object_component_ref idref="oc-96"/>
            <object_component_ref idref="oc-42"/>
            <object_component_ref idref="oc-82"/>
            <object_component_ref idref="oc-83"/>
            <object_component_ref idref="oc-85"/>
            <object_component_ref idref="oc-84"/>
            <object_component_ref idref="oc-9a"/>
            <object_component_ref idref="oc-4d"/>
            <object_component_ref idref="oc-e0"/>
            <object_component_ref idref="oc-93"/>
            <object_component_ref idref="oc-d7"/>
            <object_component_ref idref="oc-161"/>
            <object_component_ref idref="oc-105"/>
            <object_component_ref idref="oc-90"/>
            <object_component_ref idref="oc-db"/>
            <object_component_ref idref="oc-ef"/>
            <object_component_ref idref="oc-ab"/>
            <object_component_ref idref="oc-ae"/>
            <object_component_ref idref="oc-ec"/>
            <object_component_ref idref="oc-80"/>
            <object_component_ref idref="oc-c7"/>
            <object_component_ref idref="oc-162"/>
            <object_component_ref idref="oc-1a4"/>
            <object_component_ref idref="oc-16c"/>
            <object_component_ref idref="oc-1a8"/>
            <object_component_ref idref="oc-1be"/>
            <object_component_ref idref="oc-1ad"/>
            <object_component_ref idref="oc-1b2"/>
            <object_component_ref idref="oc-f2"/>
            <object_component_ref idref="oc-144"/>
            <object_component_ref idref="oc-194"/>
            <object_component_ref idref="oc-d0"/>
            <object_component_ref idref="oc-160"/>
            <object_component_ref idref="oc-d3"/>
            <object_component_ref idref="oc-18d"/>
            <object_component_ref idref="oc-187"/>
            <object_component_ref idref="oc-189"/>
            <object_component_ref idref="oc-1b7"/>
            <object_component_ref idref="oc-18b"/>
            <object_component_ref idref="oc-185"/>
            <object_component_ref idref="oc-186"/>
            <object_component_ref idref="oc-15b"/>
            <object_component_ref idref="oc-191"/>
            <object_component_ref idref="oc-1f4"/>
         </contents>
      </logical_group>
      <logical_group id="lg-1df" display="never" color="cyan">
         <name>.debug_str</name>
         <load_address>0x0</load_address>
         <run_address>0x0</run_address>
         <size>0x13ed</size>
         <contents>
            <object_component_ref idref="oc-9c"/>
            <object_component_ref idref="oc-4f"/>
            <object_component_ref idref="oc-e2"/>
            <object_component_ref idref="oc-95"/>
            <object_component_ref idref="oc-dd"/>
            <object_component_ref idref="oc-b0"/>
            <object_component_ref idref="oc-ee"/>
            <object_component_ref idref="oc-1aa"/>
            <object_component_ref idref="oc-1c0"/>
            <object_component_ref idref="oc-1af"/>
            <object_component_ref idref="oc-1b4"/>
            <object_component_ref idref="oc-d5"/>
            <object_component_ref idref="oc-193"/>
         </contents>
      </logical_group>
      <logical_group id="lg-1e1" display="never" color="cyan">
         <name>.debug_aranges</name>
         <load_address>0x0</load_address>
         <run_address>0x0</run_address>
         <size>0x220</size>
         <contents>
            <object_component_ref idref="oc-26"/>
            <object_component_ref idref="oc-2c"/>
            <object_component_ref idref="oc-38"/>
            <object_component_ref idref="oc-32"/>
            <object_component_ref idref="oc-101"/>
            <object_component_ref idref="oc-c0"/>
            <object_component_ref idref="oc-3e"/>
            <object_component_ref idref="oc-5d"/>
            <object_component_ref idref="oc-70"/>
            <object_component_ref idref="oc-108"/>
            <object_component_ref idref="oc-114"/>
            <object_component_ref idref="oc-ba"/>
            <object_component_ref idref="oc-88"/>
            <object_component_ref idref="oc-fb"/>
            <object_component_ref idref="oc-148"/>
            <object_component_ref idref="oc-14e"/>
            <object_component_ref idref="oc-f5"/>
         </contents>
      </logical_group>
      <logical_group id="lg-1e3" display="never" color="cyan">
         <name>.debug_pubnames</name>
         <load_address>0x0</load_address>
         <run_address>0x0</run_address>
         <size>0x3a3</size>
         <contents>
            <object_component_ref idref="oc-11"/>
            <object_component_ref idref="oc-27"/>
            <object_component_ref idref="oc-2d"/>
            <object_component_ref idref="oc-39"/>
            <object_component_ref idref="oc-33"/>
            <object_component_ref idref="oc-8f"/>
            <object_component_ref idref="oc-102"/>
            <object_component_ref idref="oc-c1"/>
            <object_component_ref idref="oc-3f"/>
            <object_component_ref idref="oc-61"/>
            <object_component_ref idref="oc-23"/>
            <object_component_ref idref="oc-71"/>
            <object_component_ref idref="oc-109"/>
            <object_component_ref idref="oc-115"/>
            <object_component_ref idref="oc-bb"/>
            <object_component_ref idref="oc-15f"/>
            <object_component_ref idref="oc-89"/>
            <object_component_ref idref="oc-fc"/>
            <object_component_ref idref="oc-154"/>
            <object_component_ref idref="oc-157"/>
            <object_component_ref idref="oc-184"/>
            <object_component_ref idref="oc-15a"/>
            <object_component_ref idref="oc-149"/>
            <object_component_ref idref="oc-14f"/>
            <object_component_ref idref="oc-f6"/>
         </contents>
      </logical_group>
      <logical_group id="lg-1e5" display="never" color="cyan">
         <name>.debug_pubtypes</name>
         <load_address>0x0</load_address>
         <run_address>0x0</run_address>
         <size>0xb48</size>
         <contents>
            <object_component_ref idref="oc-99"/>
            <object_component_ref idref="oc-4c"/>
            <object_component_ref idref="oc-df"/>
            <object_component_ref idref="oc-92"/>
            <object_component_ref idref="oc-da"/>
            <object_component_ref idref="oc-ad"/>
            <object_component_ref idref="oc-eb"/>
            <object_component_ref idref="oc-1a7"/>
            <object_component_ref idref="oc-1bd"/>
            <object_component_ref idref="oc-1ac"/>
            <object_component_ref idref="oc-1b1"/>
            <object_component_ref idref="oc-d2"/>
            <object_component_ref idref="oc-190"/>
         </contents>
      </logical_group>
      <load_segment id="lg-1f5" display="no" color="cyan">
         <name>SEGMENT_0</name>
         <load_address>0x0</load_address>
         <run_address>0x0</run_address>
         <size>0x9cc</size>
         <flags>0x5</flags>
         <contents>
            <logical_group_ref idref="lg-3"/>
            <logical_group_ref idref="lg-4"/>
            <logical_group_ref idref="lg-5"/>
            <logical_group_ref idref="lg-6"/>
         </contents>
      </load_segment>
      <load_segment id="lg-1f6" display="no" color="cyan">
         <name>SEGMENT_1</name>
         <run_address>0x20000000</run_address>
         <size>0x104</size>
         <flags>0x6</flags>
         <contents>
            <logical_group_ref idref="lg-d"/>
            <logical_group_ref idref="lg-b"/>
         </contents>
      </load_segment>
   </logical_group_list>
   <placement_map>
      <memory_area display="yes" color="green">
         <name>FLASH</name>
         <page_id>0x0</page_id>
         <origin>0x0</origin>
         <length>0x100000</length>
         <used_space>0x9c6</used_space>
         <unused_space>0xff63a</unused_space>
         <attributes>RX</attributes>
         <usage_details>
            <allocated_space>
               <start_address>0x0</start_address>
               <size>0x200</size>
               <logical_group_ref idref="lg-3"/>
            </allocated_space>
            <allocated_space>
               <start_address>0x200</start_address>
               <size>0x4ce</size>
               <logical_group_ref idref="lg-4"/>
            </allocated_space>
            <available_space>
               <start_address>0x6ce</start_address>
               <size>0x2</size>
            </available_space>
            <allocated_space>
               <start_address>0x6d0</start_address>
               <size>0x2e4</size>
               <logical_group_ref idref="lg-5"/>
            </allocated_space>
            <available_space>
               <start_address>0x9b4</start_address>
               <size>0x4</size>
            </available_space>
            <allocated_space>
               <start_address>0x9b8</start_address>
               <size>0x14</size>
               <logical_group_ref idref="lg-6"/>
            </allocated_space>
            <available_space>
               <start_address>0x9cc</start_address>
               <size>0xff634</size>
            </available_space>
         </usage_details>
      </memory_area>
      <memory_area display="yes" color="green">
         <name>SRAM</name>
         <page_id>0x0</page_id>
         <origin>0x20000000</origin>
         <length>0x40000</length>
         <used_space>0x104</used_space>
         <unused_space>0x3fefc</unused_space>
         <attributes>RWX</attributes>
         <usage_details>
            <allocated_space>
               <start_address>0x20000000</start_address>
               <size>0x100</size>
               <logical_group_ref idref="lg-d"/>
            </allocated_space>
            <allocated_space>
               <start_address>0x20000100</start_address>
               <size>0x4</size>
               <logical_group_ref idref="lg-b"/>
            </allocated_space>
            <available_space>
               <start_address>0x20000104</start_address>
               <size>0x3fefc</size>
            </available_space>
         </usage_details>
      </memory_area>
   </placement_map>
   <cptbl_list>
      <cptbl>
         <name>__TI_cinit_table</name>
         <cprec>
            <name>.bss</name>
            <load_address>0x9b8</load_address>
            <load_size>0x8</load_size>
            <run_address>0x20000100</run_address>
            <run_size>0x4</run_size>
            <compression>zero_init</compression>
         </cprec>
      </cptbl>
   </cptbl_list>
   <handler_table>
      <handler_table_name>__TI_handler_table</handler_table_name>
      <handler>
         <index>0x0</index>
         <name>__TI_zero_init</name>
      </handler>
   </handler_table>
   <symbol_table>
      <symbol id="sm-1">
         <name>__STACK_TOP</name>
         <value>0x20000100</value>
      </symbol>
      <symbol id="sm-2">
         <name>__TI_CINIT_Base</name>
         <value>0x9c4</value>
      </symbol>
      <symbol id="sm-3">
         <name>__TI_CINIT_Limit</name>
         <value>0x9cc</value>
      </symbol>
      <symbol id="sm-4">
         <name>__TI_Handler_Table_Base</name>
         <value>0x9c0</value>
      </symbol>
      <symbol id="sm-5">
         <name>__TI_Handler_Table_Limit</name>
         <value>0x9c4</value>
      </symbol>
      <symbol id="sm-6">
         <name>binit</name>
         <value>0xffffffff</value>
      </symbol>
      <symbol id="sm-7">
         <name>__binit__</name>
         <value>0xffffffff</value>
      </symbol>
      <symbol id="sm-8">
         <name>__STACK_SIZE</name>
         <value>0x100</value>
      </symbol>
      <symbol id="sm-9">
         <name>__STACK_END</name>
         <value>0x20000100</value>
      </symbol>
      <symbol id="sm-a">
         <name>__c_args__</name>
         <value>0xffffffff</value>
      </symbol>
      <symbol id="sm-b">
         <name>__TI_pprof_out_hndl</name>
         <value>0xffffffff</value>
      </symbol>
      <symbol id="sm-c">
         <name>__TI_prof_data_start</name>
         <value>0xffffffff</value>
      </symbol>
      <symbol id="sm-d">
         <name>__TI_prof_data_size</name>
         <value>0xffffffff</value>
      </symbol>
      <symbol id="sm-67">
         <name>ResetISR</name>
         <value>0x6b5</value>
         <object_component_ref idref="oc-24"/>
      </symbol>
      <symbol id="sm-68">
         <name>g_pfnVectors</name>
         <value>0x0</value>
         <object_component_ref idref="oc-f"/>
      </symbol>
      <symbol id="sm-a1">
         <name>g_ui32SysClock</name>
         <value>0x20000100</value>
      </symbol>
      <symbol id="sm-a2">
         <name>UARTIntHandler</name>
         <value>0x4c9</value>
         <object_component_ref idref="oc-3c"/>
      </symbol>
      <symbol id="sm-a3">
         <name>main</name>
         <value>0x401</value>
         <object_component_ref idref="oc-be"/>
      </symbol>
      <symbol id="sm-a4">
         <name>UARTSend</name>
         <value>0x655</value>
         <object_component_ref idref="oc-ff"/>
      </symbol>
      <symbol id="sm-bd">
         <name>__TI_zero_init_nomemset</name>
         <value>0x69d</value>
         <object_component_ref idref="oc-5c"/>
      </symbol>
      <symbol id="sm-d2">
         <name>__stack</name>
         <value>0x20000000</value>
         <object_component_ref idref="oc-21"/>
      </symbol>
      <symbol id="sm-d3">
         <name>_c_int00_noargs</name>
         <value>0x61d</value>
         <object_component_ref idref="oc-6e"/>
      </symbol>
      <symbol id="sm-de">
         <name>C$$EXIT</name>
         <value>0x6c5</value>
         <object_component_ref idref="oc-106"/>
      </symbol>
      <symbol id="sm-df">
         <name>abort</name>
         <value>0x6c5</value>
         <object_component_ref idref="oc-106"/>
      </symbol>
      <symbol id="sm-10b">
         <name>__TI_auto_init_nobinit_nopinit</name>
         <value>0x5d9</value>
         <object_component_ref idref="oc-112"/>
      </symbol>
      <symbol id="sm-115">
         <name>_system_pre_init</name>
         <value>0x6c1</value>
         <object_component_ref idref="oc-b8"/>
      </symbol>
      <symbol id="sm-13b">
         <name>GPIOPinConfigure</name>
         <value>0x549</value>
         <object_component_ref idref="oc-f9"/>
      </symbol>
      <symbol id="sm-13c">
         <name>GPIOPinWrite</name>
         <value>0x6af</value>
         <object_component_ref idref="oc-86"/>
      </symbol>
      <symbol id="sm-1a4">
         <name>SysCtlDelay</name>
         <value>0x6bb</value>
         <object_component_ref idref="oc-8c"/>
      </symbol>
      <symbol id="sm-1a5">
         <name>SysCtlClockFreqSet</name>
         <value>0x201</value>
         <object_component_ref idref="oc-f3"/>
      </symbol>
      <symbol id="sm-1a7">
         <name>__TI_static_base__</name>
         <value>0x0</value>
      </symbol>
      <symbol id="sm-1a9">
         <name>__mpu_init</name>
         <value>0x0</value>
      </symbol>
      <symbol id="sm-1aa">
         <name>_system_post_cinit</name>
         <value>0x0</value>
      </symbol>
   </symbol_table>
   <title>Link successful</title>
</link_info>
